visual_profile_id,asset_id,asset_path,analysis_tool,analysis_method,luma_threshold,pixel_width,pixel_height,foreground_bbox_x_min,foreground_bbox_y_min,foreground_bbox_x_max,foreground_bbox_y_max,foreground_bbox_width,foreground_bbox_height,foreground_pixel_count,foreground_pixel_ratio,mean_luma,analysis_scope,caution,review_status,updated_at
asset-visual-profile-000001,asset-000001,corpus/005_excavation-sites-periods-and-batches/001_public-domain-object-image-assets/001_asset-000001_met-obj-42045_object-image.jpg,Pillow,pillow_luma_threshold_bbox_v1,140,2667,4000,11,23,2233,3552,2223,3530,154404,0.01447357,189.3774,visual_preprocessing_metadata_only,"Algorithmic foreground candidate only; not glyph segmentation, component analysis, or paleographic interpretation.",reviewed_algorithmic_metadata,2026-06-05
asset-visual-profile-000002,asset-000002,corpus/005_excavation-sites-periods-and-batches/001_public-domain-object-image-assets/002_asset-000002_met-obj-42022_object-image.jpg,Pillow,pillow_luma_threshold_bbox_v1,140,4000,2667,58,75,3482,2535,3425,2461,1972665,0.18491423,171.9248,visual_preprocessing_metadata_only,"Algorithmic foreground candidate only; not glyph segmentation, component analysis, or paleographic interpretation.",reviewed_algorithmic_metadata,2026-06-05
asset-visual-profile-000003,asset-000003,corpus/005_excavation-sites-periods-and-batches/001_public-domain-object-image-assets/003_asset-000003_si-nmaa-fsc-o-26_object-image.jpg,Pillow,pillow_luma_threshold_bbox_v1,140,3000,2000,816,823,2381,1762,1566,940,208710,0.03478500,225.5226,visual_preprocessing_metadata_only,"Algorithmic foreground candidate only; not glyph segmentation, component analysis, or paleographic interpretation.",reviewed_algorithmic_metadata,2026-06-05
asset-visual-profile-000004,asset-000004,corpus/001_oracle-characters/074_undeciphered-005701-005800_obs-unk-bucket_oracle-character-candidates/008_obs-unk-005708_hust-obc-und-X-005708_oracle-character-candidate/03_visual-assets/001_asset-000004_hust-X-005708_glyph.png,Pillow,pillow_luma_threshold_bbox_v1,140,182,250,2,2,179,247,178,246,11445,0.25153846,191.6829,visual_preprocessing_metadata_only,"Algorithmic foreground candidate only; not glyph segmentation, component analysis, or paleographic interpretation.",needs_human_visual_review,2026-06-19
asset-visual-profile-000005,asset-000005,corpus/001_oracle-characters/079_undeciphered-006201-006300_obs-unk-bucket_oracle-character-candidates/094_obs-unk-006294_hust-obc-und-X-006294_oracle-character-candidate/03_visual-assets/001_asset-000005_hust-X-006294_glyph.png,Pillow,pillow_luma_threshold_bbox_v1,140,148,297,2,2,145,294,144,293,7772,0.17681318,210.6462,visual_preprocessing_metadata_only,"Algorithmic foreground candidate only; not glyph segmentation, component analysis, or paleographic interpretation.",needs_human_visual_review,2026-06-19
asset-visual-profile-000006,asset-000006,corpus/001_oracle-characters/001_000001-000100_obs-char-bucket_oracle-characters/001_obs-char-000001_hust-obc-cat-0001_oracle-character/03_visual-assets/001_asset-000006_hust-obc-cat-0001_glyph.png,Pillow,pillow_luma_threshold_bbox_v1,140,34,80,0,0,31,77,32,78,1128,0.41470588,155.7099,visual_preprocessing_metadata_only,"Algorithmic foreground candidate only; not glyph segmentation, component analysis, or paleographic interpretation.",needs_human_visual_review,2026-06-20
asset-visual-profile-000007,asset-000007,corpus/001_oracle-characters/001_000001-000100_obs-char-bucket_oracle-characters/002_obs-char-000002_hust-obc-cat-0002_oracle-character/03_visual-assets/001_asset-000007_hust-obc-cat-0002_glyph.png,Pillow,pillow_luma_threshold_bbox_v1,140,65,80,0,0,61,77,62,78,1433,0.27557692,186.8563,visual_preprocessing_metadata_only,"Algorithmic foreground candidate only; not glyph segmentation, component analysis, or paleographic interpretation.",needs_human_visual_review,2026-06-20
asset-visual-profile-000008,asset-000008,corpus/001_oracle-characters/001_000001-000100_obs-char-bucket_oracle-characters/003_obs-char-000003_hust-obc-cat-0003_oracle-character/03_visual-assets/001_asset-000008_hust-obc-cat-0003_glyph.png,Pillow,pillow_luma_threshold_bbox_v1,140,137,311,0,0,134,308,135,309,6008,0.14100969,219.0425,visual_preprocessing_metadata_only,"Algorithmic foreground candidate only; not glyph segmentation, component analysis, or paleographic interpretation.",needs_human_visual_review,2026-06-20
asset-visual-profile-000009,asset-000009,corpus/001_oracle-characters/001_000001-000100_obs-char-bucket_oracle-characters/004_obs-char-000004_hust-obc-cat-0004_oracle-character/03_visual-assets/001_asset-000009_hust-obc-cat-0004_glyph.png,Pillow,pillow_luma_threshold_bbox_v1,140,34,80,0,0,31,77,32,78,473,0.17389706,214.0199,visual_preprocessing_metadata_only,"Algorithmic foreground candidate only; not glyph segmentation, component analysis, or paleographic interpretation.",needs_human_visual_review,2026-06-20
asset-visual-profile-000010,asset-000010,corpus/001_oracle-characters/001_000001-000100_obs-char-bucket_oracle-characters/005_obs-char-000005_hust-obc-cat-0005_oracle-character/03_visual-assets/001_asset-000010_hust-obc-cat-0005_glyph.png,Pillow,pillow_luma_threshold_bbox_v1,140,43,79,0,0,40,76,41,77,848,0.24963203,194.0427,visual_preprocessing_metadata_only,"Algorithmic foreground candidate only; not glyph segmentation, component analysis, or paleographic interpretation.",needs_human_visual_review,2026-06-20
asset-visual-profile-000011,asset-000011,corpus/001_oracle-characters/001_000001-000100_obs-char-bucket_oracle-characters/006_obs-char-000006_hust-obc-cat-0006_oracle-character/03_visual-assets/001_asset-000011_hust-obc-cat-0006_glyph.png,Pillow,pillow_luma_threshold_bbox_v1,140,30,80,0,0,27,77,28,78,861,0.35875000,167.3650,visual_preprocessing_metadata_only,"Algorithmic foreground candidate only; not glyph segmentation, component analysis, or paleographic interpretation.",needs_human_visual_review,2026-06-20
asset-visual-profile-000012,asset-000012,corpus/001_oracle-characters/001_000001-000100_obs-char-bucket_oracle-characters/007_obs-char-000007_hust-obc-cat-0007_oracle-character/03_visual-assets/001_asset-000012_hust-obc-cat-0007_glyph.png,Pillow,pillow_luma_threshold_bbox_v1,140,39,47,0,0,36,44,37,45,495,0.27004910,201.2439,visual_preprocessing_metadata_only,"Algorithmic foreground candidate only; not glyph segmentation, component analysis, or paleographic interpretation.",needs_human_visual_review,2026-06-20
asset-visual-profile-000013,asset-000013,corpus/001_oracle-characters/001_000001-000100_obs-char-bucket_oracle-characters/008_obs-char-000008_hust-obc-cat-0008_oracle-character/03_visual-assets/001_asset-000013_hust-obc-cat-0008_glyph.png,Pillow,pillow_luma_threshold_bbox_v1,140,200,178,0,0,197,175,198,176,10080,0.28314607,182.7978,visual_preprocessing_metadata_only,"Algorithmic foreground candidate only; not glyph segmentation, component analysis, or paleographic interpretation.",needs_human_visual_review,2026-06-20
asset-visual-profile-000014,asset-000014,corpus/001_oracle-characters/001_000001-000100_obs-char-bucket_oracle-characters/009_obs-char-000009_hust-obc-cat-0009_oracle-character/03_visual-assets/001_asset-000014_hust-obc-cat-0009_glyph.png,Pillow,pillow_luma_threshold_bbox_v1,140,65,80,0,0,62,77,63,78,1391,0.26750000,189.6927,visual_preprocessing_metadata_only,"Algorithmic foreground candidate only; not glyph segmentation, component analysis, or paleographic interpretation.",needs_human_visual_review,2026-06-20
asset-visual-profile-000015,asset-000015,corpus/001_oracle-characters/001_000001-000100_obs-char-bucket_oracle-characters/010_obs-char-000010_hust-obc-cat-0010_oracle-character/03_visual-assets/001_asset-000015_hust-obc-cat-0010_glyph.png,Pillow,pillow_luma_threshold_bbox_v1,140,58,80,0,0,55,77,56,78,1289,0.27780172,188.1543,visual_preprocessing_metadata_only,"Algorithmic foreground candidate only; not glyph segmentation, component analysis, or paleographic interpretation.",needs_human_visual_review,2026-06-20
asset-visual-profile-000016,asset-000016,corpus/001_oracle-characters/001_000001-000100_obs-char-bucket_oracle-characters/011_obs-char-000011_hust-obc-cat-0011_0012_0013_oracle-character/03_visual-assets/001_asset-000016_hust-obc-cat-0011_0012_0013_glyph.png,Pillow,pillow_luma_threshold_bbox_v1,140,38,80,0,0,35,77,36,78,662,0.21776316,202.8793,visual_preprocessing_metadata_only,"Algorithmic foreground candidate only; not glyph segmentation, component analysis, or paleographic interpretation.",needs_human_visual_review,2026-06-20
asset-visual-profile-000017,asset-000017,corpus/001_oracle-characters/001_000001-000100_obs-char-bucket_oracle-characters/012_obs-char-000012_hust-obc-cat-0014_oracle-character/03_visual-assets/001_asset-000017_hust-obc-cat-0014_glyph.png,Pillow,pillow_luma_threshold_bbox_v1,140,157,298,0,1,154,295,155,295,7857,0.16793485,213.0592,visual_preprocessing_metadata_only,"Algorithmic foreground candidate only; not glyph segmentation, component analysis, or paleographic interpretation.",needs_human_visual_review,2026-06-20
asset-visual-profile-000018,asset-000018,corpus/001_oracle-characters/001_000001-000100_obs-char-bucket_oracle-characters/013_obs-char-000013_hust-obc-cat-0015_0016_oracle-character/03_visual-assets/001_asset-000018_hust-obc-cat-0015_0016_glyph.png,Pillow,pillow_luma_threshold_bbox_v1,140,56,80,0,0,53,76,54,77,732,0.16339286,216.5118,visual_preprocessing_metadata_only,"Algorithmic foreground candidate only; not glyph segmentation, component analysis, or paleographic interpretation.",needs_human_visual_review,2026-06-20
asset-visual-profile-000019,asset-000019,corpus/001_oracle-characters/001_000001-000100_obs-char-bucket_oracle-characters/014_obs-char-000014_hust-obc-cat-0017_oracle-character/03_visual-assets/001_asset-000019_hust-obc-cat-0017_glyph.png,Pillow,pillow_luma_threshold_bbox_v1,140,295,215,0,0,292,212,293,213,11740,0.18510051,207.7994,visual_preprocessing_metadata_only,"Algorithmic foreground candidate only; not glyph segmentation, component analysis, or paleographic interpretation.",needs_human_visual_review,2026-06-20
asset-visual-profile-000020,asset-000020,corpus/001_oracle-characters/001_000001-000100_obs-char-bucket_oracle-characters/015_obs-char-000015_hust-obc-cat-0018_oracle-character/03_visual-assets/001_asset-000020_hust-obc-cat-0018_glyph.png,Pillow,pillow_luma_threshold_bbox_v1,140,65,77,0,0,62,74,63,75,1028,0.20539461,205.0224,visual_preprocessing_metadata_only,"Algorithmic foreground candidate only; not glyph segmentation, component analysis, or paleographic interpretation.",needs_human_visual_review,2026-06-20
asset-visual-profile-000021,asset-000021,corpus/001_oracle-characters/001_000001-000100_obs-char-bucket_oracle-characters/016_obs-char-000016_hust-obc-cat-0019_oracle-character/03_visual-assets/001_asset-000021_hust-obc-cat-0019_glyph.png,Pillow,pillow_luma_threshold_bbox_v1,140,38,52,0,0,35,48,36,49,268,0.13562753,220.0086,visual_preprocessing_metadata_only,"Algorithmic foreground candidate only; not glyph segmentation, component analysis, or paleographic interpretation.",needs_human_visual_review,2026-06-20
asset-visual-profile-000022,asset-000022,corpus/001_oracle-characters/001_000001-000100_obs-char-bucket_oracle-characters/017_obs-char-000017_hust-obc-cat-0020_oracle-character/03_visual-assets/001_asset-000022_hust-obc-cat-0020_glyph.png,Pillow,pillow_luma_threshold_bbox_v1,140,56,80,0,0,53,77,54,78,1025,0.22879464,200.5487,visual_preprocessing_metadata_only,"Algorithmic foreground candidate only; not glyph segmentation, component analysis, or paleographic interpretation.",needs_human_visual_review,2026-06-20
asset-visual-profile-000023,asset-000023,corpus/001_oracle-characters/001_000001-000100_obs-char-bucket_oracle-characters/018_obs-char-000018_hust-obc-cat-0021_oracle-character/03_visual-assets/001_asset-000023_hust-obc-cat-0021_glyph.png,Pillow,pillow_luma_threshold_bbox_v1,140,54,80,0,0,51,77,52,78,1214,0.28101852,187.7144,visual_preprocessing_metadata_only,"Algorithmic foreground candidate only; not glyph segmentation, component analysis, or paleographic interpretation.",needs_human_visual_review,2026-06-20
asset-visual-profile-000024,asset-000024,corpus/001_oracle-characters/001_000001-000100_obs-char-bucket_oracle-characters/019_obs-char-000019_hust-obc-cat-0022_oracle-character/03_visual-assets/001_asset-000024_hust-obc-cat-0022_glyph.png,Pillow,pillow_luma_threshold_bbox_v1,140,33,52,0,0,30,49,31,50,386,0.22494172,202.8275,visual_preprocessing_metadata_only,"Algorithmic foreground candidate only; not glyph segmentation, component analysis, or paleographic interpretation.",needs_human_visual_review,2026-06-20
asset-visual-profile-000025,asset-000025,corpus/001_oracle-characters/001_000001-000100_obs-char-bucket_oracle-characters/020_obs-char-000020_hust-obc-cat-0023_0024_oracle-character/03_visual-assets/001_asset-000025_hust-obc-cat-0023_0024_glyph.png,Pillow,pillow_luma_threshold_bbox_v1,140,35,59,0,1,32,56,33,56,866,0.41937046,170.1569,visual_preprocessing_metadata_only,"Algorithmic foreground candidate only; not glyph segmentation, component analysis, or paleographic interpretation.",needs_human_visual_review,2026-06-20
asset-visual-profile-000026,asset-000026,corpus/001_oracle-characters/001_000001-000100_obs-char-bucket_oracle-characters/021_obs-char-000021_hust-obc-cat-0025_0026_oracle-character/03_visual-assets/001_asset-000026_hust-obc-cat-0025_0026_glyph.png,Pillow,pillow_luma_threshold_bbox_v1,140,35,74,0,0,31,71,32,72,696,0.26872587,189.8649,visual_preprocessing_metadata_only,"Algorithmic foreground candidate only; not glyph segmentation, component analysis, or paleographic interpretation.",needs_human_visual_review,2026-06-20
asset-visual-profile-000027,asset-000027,corpus/001_oracle-characters/001_000001-000100_obs-char-bucket_oracle-characters/022_obs-char-000022_hust-obc-cat-0027_oracle-character/03_visual-assets/001_asset-000027_hust-obc-cat-0027_glyph.png,Pillow,pillow_luma_threshold_bbox_v1,140,53,80,0,0,50,77,51,78,736,0.17358491,213.4472,visual_preprocessing_metadata_only,"Algorithmic foreground candidate only; not glyph segmentation, component analysis, or paleographic interpretation.",needs_human_visual_review,2026-06-20
asset-visual-profile-000028,asset-000028,corpus/001_oracle-characters/001_000001-000100_obs-char-bucket_oracle-characters/023_obs-char-000023_hust-obc-cat-0028_oracle-character/03_visual-assets/001_asset-000028_hust-obc-cat-0028_glyph.png,Pillow,pillow_luma_threshold_bbox_v1,140,39,80,0,0,36,77,37,78,880,0.28205128,188.1853,visual_preprocessing_metadata_only,"Algorithmic foreground candidate only; not glyph segmentation, component analysis, or paleographic interpretation.",needs_human_visual_review,2026-06-20
asset-visual-profile-000029,asset-000029,corpus/001_oracle-characters/001_000001-000100_obs-char-bucket_oracle-characters/024_obs-char-000024_hust-obc-cat-0029_oracle-character/03_visual-assets/001_asset-000029_hust-obc-cat-0029_glyph.png,Pillow,pillow_luma_threshold_bbox_v1,140,196,271,0,0,193,268,194,269,11844,0.22298366,198.1392,visual_preprocessing_metadata_only,"Algorithmic foreground candidate only; not glyph segmentation, component analysis, or paleographic interpretation.",needs_human_visual_review,2026-06-20
asset-visual-profile-000030,asset-000030,corpus/001_oracle-characters/001_000001-000100_obs-char-bucket_oracle-characters/025_obs-char-000025_hust-obc-cat-0030_oracle-character/03_visual-assets/001_asset-000030_hust-obc-cat-0030_glyph.png,Pillow,pillow_luma_threshold_bbox_v1,140,48,80,0,0,45,77,46,78,687,0.17890625,212.9341,visual_preprocessing_metadata_only,"Algorithmic foreground candidate only; not glyph segmentation, component analysis, or paleographic interpretation.",needs_human_visual_review,2026-06-20
asset-visual-profile-000031,asset-000031,corpus/001_oracle-characters/001_000001-000100_obs-char-bucket_oracle-characters/026_obs-char-000026_hust-obc-cat-0031_oracle-character/03_visual-assets/001_asset-000031_hust-obc-cat-0031_glyph.png,Pillow,pillow_luma_threshold_bbox_v1,140,32,59,0,0,28,55,29,56,504,0.26694915,199.2558,visual_preprocessing_metadata_only,"Algorithmic foreground candidate only; not glyph segmentation, component analysis, or paleographic interpretation.",needs_human_visual_review,2026-06-20
asset-visual-profile-000032,asset-000032,corpus/001_oracle-characters/001_000001-000100_obs-char-bucket_oracle-characters/027_obs-char-000027_hust-obc-cat-0032_oracle-character/03_visual-assets/001_asset-000032_hust-obc-cat-0032_glyph.png,Pillow,pillow_luma_threshold_bbox_v1,140,38,50,0,0,35,47,36,48,510,0.26842105,195.9505,visual_preprocessing_metadata_only,"Algorithmic foreground candidate only; not glyph segmentation, component analysis, or paleographic interpretation.",needs_human_visual_review,2026-06-20
asset-visual-profile-000033,asset-000033,corpus/001_oracle-characters/001_000001-000100_obs-char-bucket_oracle-characters/028_obs-char-000028_hust-obc-cat-0033_oracle-character/03_visual-assets/001_asset-000033_hust-obc-cat-0033_glyph.png,Pillow,pillow_luma_threshold_bbox_v1,140,196,212,0,0,193,209,194,210,8925,0.21479111,201.0221,visual_preprocessing_metadata_only,"Algorithmic foreground candidate only; not glyph segmentation, component analysis, or paleographic interpretation.",needs_human_visual_review,2026-06-20
asset-visual-profile-000034,asset-000034,corpus/001_oracle-characters/001_000001-000100_obs-char-bucket_oracle-characters/029_obs-char-000029_hust-obc-cat-0034_oracle-character/03_visual-assets/001_asset-000034_hust-obc-cat-0034_glyph.png,Pillow,pillow_luma_threshold_bbox_v1,140,35,80,0,0,33,77,34,78,485,0.17321429,214.9493,visual_preprocessing_metadata_only,"Algorithmic foreground candidate only; not glyph segmentation, component analysis, or paleographic interpretation.",needs_human_visual_review,2026-06-20
asset-visual-profile-000035,asset-000035,corpus/001_oracle-characters/001_000001-000100_obs-char-bucket_oracle-characters/030_obs-char-000030_hust-obc-cat-0035_oracle-character/03_visual-assets/001_asset-000035_hust-obc-cat-0035_glyph.png,Pillow,pillow_luma_threshold_bbox_v1,140,26,80,0,0,23,77,24,78,462,0.22211538,201.3428,visual_preprocessing_metadata_only,"Algorithmic foreground candidate only; not glyph segmentation, component analysis, or paleographic interpretation.",needs_human_visual_review,2026-06-20
asset-visual-profile-000036,asset-000036,corpus/001_oracle-characters/001_000001-000100_obs-char-bucket_oracle-characters/031_obs-char-000031_hust-obc-cat-0036_oracle-character/03_visual-assets/001_asset-000036_hust-obc-cat-0036_glyph.png,Pillow,pillow_luma_threshold_bbox_v1,140,30,80,0,0,27,76,28,77,580,0.24166667,196.4471,visual_preprocessing_metadata_only,"Algorithmic foreground candidate only; not glyph segmentation, component analysis, or paleographic interpretation.",needs_human_visual_review,2026-06-20
asset-visual-profile-000037,asset-000037,corpus/001_oracle-characters/001_000001-000100_obs-char-bucket_oracle-characters/032_obs-char-000032_hust-obc-cat-0037_oracle-character/03_visual-assets/001_asset-000037_hust-obc-cat-0037_glyph.png,Pillow,pillow_luma_threshold_bbox_v1,140,24,50,1,0,21,47,21,48,219,0.18250000,209.7775,visual_preprocessing_metadata_only,"Algorithmic foreground candidate only; not glyph segmentation, component analysis, or paleographic interpretation.",needs_human_visual_review,2026-06-20
asset-visual-profile-000038,asset-000038,corpus/001_oracle-characters/001_000001-000100_obs-char-bucket_oracle-characters/033_obs-char-000033_hust-obc-cat-0038_oracle-character/03_visual-assets/001_asset-000038_hust-obc-cat-0038_glyph.png,Pillow,pillow_luma_threshold_bbox_v1,140,55,79,0,0,52,76,53,77,1545,0.35558113,168.1128,visual_preprocessing_metadata_only,"Algorithmic foreground candidate only; not glyph segmentation, component analysis, or paleographic interpretation.",needs_human_visual_review,2026-06-20
asset-visual-profile-000039,asset-000039,corpus/001_oracle-characters/001_000001-000100_obs-char-bucket_oracle-characters/034_obs-char-000034_hust-obc-cat-0039_oracle-character/03_visual-assets/001_asset-000039_hust-obc-cat-0039_glyph.png,Pillow,pillow_luma_threshold_bbox_v1,140,99,300,0,0,96,297,97,298,10358,0.34875421,166.0677,visual_preprocessing_metadata_only,"Algorithmic foreground candidate only; not glyph segmentation, component analysis, or paleographic interpretation.",needs_human_visual_review,2026-06-20
asset-visual-profile-000040,asset-000040,corpus/001_oracle-characters/001_000001-000100_obs-char-bucket_oracle-characters/035_obs-char-000035_hust-obc-cat-0040_oracle-character/03_visual-assets/001_asset-000040_hust-obc-cat-0040_glyph.png,Pillow,pillow_luma_threshold_bbox_v1,140,56,80,0,0,53,77,54,78,1155,0.25781250,192.8033,visual_preprocessing_metadata_only,"Algorithmic foreground candidate only; not glyph segmentation, component analysis, or paleographic interpretation.",needs_human_visual_review,2026-06-20
asset-visual-profile-000041,asset-000041,corpus/001_oracle-characters/001_000001-000100_obs-char-bucket_oracle-characters/036_obs-char-000036_hust-obc-cat-0041_0042_oracle-character/03_visual-assets/001_asset-000041_hust-obc-cat-0041_0042_glyph.png,Pillow,pillow_luma_threshold_bbox_v1,140,39,80,0,0,36,77,37,78,641,0.20544872,206.2667,visual_preprocessing_metadata_only,"Algorithmic foreground candidate only; not glyph segmentation, component analysis, or paleographic interpretation.",needs_human_visual_review,2026-06-20
asset-visual-profile-000042,asset-000042,corpus/001_oracle-characters/001_000001-000100_obs-char-bucket_oracle-characters/037_obs-char-000037_hust-obc-cat-0043_oracle-character/03_visual-assets/001_asset-000042_hust-obc-cat-0043_glyph.png,Pillow,pillow_luma_threshold_bbox_v1,140,121,269,0,0,118,266,119,267,6715,0.20630434,202.3924,visual_preprocessing_metadata_only,"Algorithmic foreground candidate only; not glyph segmentation, component analysis, or paleographic interpretation.",needs_human_visual_review,2026-06-20
asset-visual-profile-000043,asset-000043,corpus/001_oracle-characters/001_000001-000100_obs-char-bucket_oracle-characters/038_obs-char-000038_hust-obc-cat-0044_oracle-character/03_visual-assets/001_asset-000043_hust-obc-cat-0044_glyph.png,Pillow,pillow_luma_threshold_bbox_v1,140,44,80,1,0,41,77,41,78,719,0.20426136,206.2821,visual_preprocessing_metadata_only,"Algorithmic foreground candidate only; not glyph segmentation, component analysis, or paleographic interpretation.",needs_human_visual_review,2026-06-20
asset-visual-profile-000044,asset-000044,corpus/001_oracle-characters/001_000001-000100_obs-char-bucket_oracle-characters/039_obs-char-000039_hust-obc-cat-0045_oracle-character/03_visual-assets/001_asset-000044_hust-obc-cat-0045_glyph.png,Pillow,pillow_luma_threshold_bbox_v1,140,129,258,0,0,126,255,127,256,6872,0.20647798,202.3481,visual_preprocessing_metadata_only,"Algorithmic foreground candidate only; not glyph segmentation, component analysis, or paleographic interpretation.",needs_human_visual_review,2026-06-20
asset-visual-profile-000045,asset-000045,corpus/001_oracle-characters/001_000001-000100_obs-char-bucket_oracle-characters/040_obs-char-000040_hust-obc-cat-0046_oracle-character/03_visual-assets/001_asset-000045_hust-obc-cat-0046_glyph.png,Pillow,pillow_luma_threshold_bbox_v1,140,32,80,0,0,29,77,30,78,527,0.20585938,206.1867,visual_preprocessing_metadata_only,"Algorithmic foreground candidate only; not glyph segmentation, component analysis, or paleographic interpretation.",needs_human_visual_review,2026-06-20
asset-visual-profile-000046,asset-000046,corpus/001_oracle-characters/001_000001-000100_obs-char-bucket_oracle-characters/041_obs-char-000041_hust-obc-cat-0047_oracle-character/03_visual-assets/001_asset-000046_hust-obc-cat-0047_glyph.png,Pillow,pillow_luma_threshold_bbox_v1,140,250,287,0,0,247,284,248,285,11960,0.16668990,212.4941,visual_preprocessing_metadata_only,"Algorithmic foreground candidate only; not glyph segmentation, component analysis, or paleographic interpretation.",needs_human_visual_review,2026-06-20
asset-visual-profile-000047,asset-000047,corpus/001_oracle-characters/001_000001-000100_obs-char-bucket_oracle-characters/042_obs-char-000042_hust-obc-cat-0048_0049_oracle-character/03_visual-assets/001_asset-000047_hust-obc-cat-0048_0049_glyph.png,Pillow,pillow_luma_threshold_bbox_v1,140,37,52,0,1,33,49,34,49,328,0.17047817,212.0385,visual_preprocessing_metadata_only,"Algorithmic foreground candidate only; not glyph segmentation, component analysis, or paleographic interpretation.",needs_human_visual_review,2026-06-20
asset-visual-profile-000048,asset-000048,corpus/001_oracle-characters/001_000001-000100_obs-char-bucket_oracle-characters/043_obs-char-000043_hust-obc-cat-0050_oracle-character/03_visual-assets/001_asset-000048_hust-obc-cat-0050_glyph.png,Pillow,pillow_luma_threshold_bbox_v1,140,44,80,0,0,41,77,42,78,883,0.25085227,194.3781,visual_preprocessing_metadata_only,"Algorithmic foreground candidate only; not glyph segmentation, component analysis, or paleographic interpretation.",needs_human_visual_review,2026-06-20
asset-visual-profile-000049,asset-000049,corpus/001_oracle-characters/001_000001-000100_obs-char-bucket_oracle-characters/044_obs-char-000044_hust-obc-cat-0051_oracle-character/03_visual-assets/001_asset-000049_hust-obc-cat-0051_glyph.png,Pillow,pillow_luma_threshold_bbox_v1,140,51,80,0,0,48,77,49,78,971,0.23799020,197.7333,visual_preprocessing_metadata_only,"Algorithmic foreground candidate only; not glyph segmentation, component analysis, or paleographic interpretation.",needs_human_visual_review,2026-06-20
asset-visual-profile-000050,asset-000050,corpus/001_oracle-characters/001_000001-000100_obs-char-bucket_oracle-characters/045_obs-char-000045_hust-obc-cat-0052_0053_oracle-character/03_visual-assets/001_asset-000050_hust-obc-cat-0052_0053_glyph.png,Pillow,pillow_luma_threshold_bbox_v1,140,51,80,0,0,48,77,49,78,748,0.18333333,211.3498,visual_preprocessing_metadata_only,"Algorithmic foreground candidate only; not glyph segmentation, component analysis, or paleographic interpretation.",needs_human_visual_review,2026-06-20
asset-visual-profile-000051,asset-000051,corpus/001_oracle-characters/001_000001-000100_obs-char-bucket_oracle-characters/046_obs-char-000046_hust-obc-cat-0054_oracle-character/03_visual-assets/001_asset-000051_hust-obc-cat-0054_glyph.png,Pillow,pillow_luma_threshold_bbox_v1,140,35,59,0,0,32,56,33,57,571,0.27651332,193.3530,visual_preprocessing_metadata_only,"Algorithmic foreground candidate only; not glyph segmentation, component analysis, or paleographic interpretation.",needs_human_visual_review,2026-06-20
asset-visual-profile-000052,asset-000052,corpus/001_oracle-characters/001_000001-000100_obs-char-bucket_oracle-characters/047_obs-char-000047_hust-obc-cat-0055_oracle-character/03_visual-assets/001_asset-000052_hust-obc-cat-0055_glyph.png,Pillow,pillow_luma_threshold_bbox_v1,140,175,256,0,0,172,253,173,254,10307,0.23006696,196.3329,visual_preprocessing_metadata_only,"Algorithmic foreground candidate only; not glyph segmentation, component analysis, or paleographic interpretation.",needs_human_visual_review,2026-06-20
asset-visual-profile-000053,asset-000053,corpus/001_oracle-characters/001_000001-000100_obs-char-bucket_oracle-characters/048_obs-char-000048_hust-obc-cat-0056_oracle-character/03_visual-assets/001_asset-000053_hust-obc-cat-0056_glyph.png,Pillow,pillow_luma_threshold_bbox_v1,140,189,257,0,0,186,254,187,255,13377,0.27539991,185.2919,visual_preprocessing_metadata_only,"Algorithmic foreground candidate only; not glyph segmentation, component analysis, or paleographic interpretation.",needs_human_visual_review,2026-06-20
asset-visual-profile-000054,asset-000054,corpus/001_oracle-characters/001_000001-000100_obs-char-bucket_oracle-characters/049_obs-char-000049_hust-obc-cat-0057_oracle-character/03_visual-assets/001_asset-000054_hust-obc-cat-0057_glyph.png,Pillow,pillow_luma_threshold_bbox_v1,140,217,246,0,0,214,243,215,244,14899,0.27910157,183.8291,visual_preprocessing_metadata_only,"Algorithmic foreground candidate only; not glyph segmentation, component analysis, or paleographic interpretation.",needs_human_visual_review,2026-06-20
asset-visual-profile-000055,asset-000055,corpus/001_oracle-characters/001_000001-000100_obs-char-bucket_oracle-characters/050_obs-char-000050_hust-obc-cat-0058_oracle-character/03_visual-assets/001_asset-000055_hust-obc-cat-0058_glyph.png,Pillow,pillow_luma_threshold_bbox_v1,140,32,80,0,0,29,77,30,78,716,0.27968750,186.2824,visual_preprocessing_metadata_only,"Algorithmic foreground candidate only; not glyph segmentation, component analysis, or paleographic interpretation.",needs_human_visual_review,2026-06-20
asset-visual-profile-000056,asset-000056,corpus/001_oracle-characters/001_000001-000100_obs-char-bucket_oracle-characters/051_obs-char-000051_hust-obc-cat-0059_oracle-character/03_visual-assets/001_asset-000056_hust-obc-cat-0059_glyph.png,Pillow,pillow_luma_threshold_bbox_v1,140,26,80,0,0,23,77,24,78,416,0.20000000,211.5029,visual_preprocessing_metadata_only,"Algorithmic foreground candidate only; not glyph segmentation, component analysis, or paleographic interpretation.",needs_human_visual_review,2026-06-20
asset-visual-profile-000057,asset-000057,corpus/001_oracle-characters/001_000001-000100_obs-char-bucket_oracle-characters/052_obs-char-000052_hust-obc-cat-0060_oracle-character/03_visual-assets/001_asset-000057_hust-obc-cat-0060_glyph.png,Pillow,pillow_luma_threshold_bbox_v1,140,40,80,0,0,37,77,38,78,730,0.22812500,200.0856,visual_preprocessing_metadata_only,"Algorithmic foreground candidate only; not glyph segmentation, component analysis, or paleographic interpretation.",needs_human_visual_review,2026-06-20
asset-visual-profile-000058,asset-000058,corpus/001_oracle-characters/001_000001-000100_obs-char-bucket_oracle-characters/053_obs-char-000053_hust-obc-cat-0061_oracle-character/03_visual-assets/001_asset-000058_hust-obc-cat-0061_glyph.png,Pillow,pillow_luma_threshold_bbox_v1,140,186,254,0,0,183,251,184,252,10586,0.22407078,198.5699,visual_preprocessing_metadata_only,"Algorithmic foreground candidate only; not glyph segmentation, component analysis, or paleographic interpretation.",needs_human_visual_review,2026-06-20
asset-visual-profile-000059,asset-000059,corpus/001_oracle-characters/001_000001-000100_obs-char-bucket_oracle-characters/054_obs-char-000054_hust-obc-cat-0062_0063_oracle-character/03_visual-assets/001_asset-000059_hust-obc-cat-0062_0063_glyph.png,Pillow,pillow_luma_threshold_bbox_v1,140,202,294,0,0,199,291,200,292,16322,0.27483667,184.9166,visual_preprocessing_metadata_only,"Algorithmic foreground candidate only; not glyph segmentation, component analysis, or paleographic interpretation.",needs_human_visual_review,2026-06-20
asset-visual-profile-000060,asset-000060,corpus/001_oracle-characters/001_000001-000100_obs-char-bucket_oracle-characters/055_obs-char-000055_hust-obc-cat-0064_oracle-character/03_visual-assets/001_asset-000060_hust-obc-cat-0064_glyph.png,Pillow,pillow_luma_threshold_bbox_v1,140,28,49,0,0,25,45,26,46,330,0.24052478,199.6640,visual_preprocessing_metadata_only,"Algorithmic foreground candidate only; not glyph segmentation, component analysis, or paleographic interpretation.",needs_human_visual_review,2026-06-20
asset-visual-profile-000061,asset-000061,corpus/001_oracle-characters/001_000001-000100_obs-char-bucket_oracle-characters/056_obs-char-000056_hust-obc-cat-0065_oracle-character/03_visual-assets/001_asset-000061_hust-obc-cat-0065_glyph.png,Pillow,pillow_luma_threshold_bbox_v1,140,58,80,0,0,55,77,56,78,1329,0.28642241,184.2125,visual_preprocessing_metadata_only,"Algorithmic foreground candidate only; not glyph segmentation, component analysis, or paleographic interpretation.",needs_human_visual_review,2026-06-20
asset-visual-profile-000062,asset-000062,corpus/001_oracle-characters/001_000001-000100_obs-char-bucket_oracle-characters/057_obs-char-000057_hust-obc-cat-0066_oracle-character/03_visual-assets/001_asset-000062_hust-obc-cat-0066_glyph.png,Pillow,pillow_luma_threshold_bbox_v1,140,200,186,0,0,197,183,198,184,11857,0.31873656,175.4301,visual_preprocessing_metadata_only,"Algorithmic foreground candidate only; not glyph segmentation, component analysis, or paleographic interpretation.",needs_human_visual_review,2026-06-20
asset-visual-profile-000063,asset-000063,corpus/001_oracle-characters/001_000001-000100_obs-char-bucket_oracle-characters/058_obs-char-000058_hust-obc-cat-0067_oracle-character/03_visual-assets/001_asset-000063_hust-obc-cat-0067_glyph.png,Pillow,pillow_luma_threshold_bbox_v1,140,149,239,0,0,146,236,147,237,10476,0.29417876,179.9844,visual_preprocessing_metadata_only,"Algorithmic foreground candidate only; not glyph segmentation, component analysis, or paleographic interpretation.",needs_human_visual_review,2026-06-20
asset-visual-profile-000064,asset-000064,corpus/001_oracle-characters/001_000001-000100_obs-char-bucket_oracle-characters/059_obs-char-000059_hust-obc-cat-0068_oracle-character/03_visual-assets/001_asset-000064_hust-obc-cat-0068_glyph.png,Pillow,pillow_luma_threshold_bbox_v1,140,37,59,1,0,34,56,34,57,786,0.36005497,185.4952,visual_preprocessing_metadata_only,"Algorithmic foreground candidate only; not glyph segmentation, component analysis, or paleographic interpretation.",needs_human_visual_review,2026-06-20
asset-visual-profile-000065,asset-000065,corpus/001_oracle-characters/001_000001-000100_obs-char-bucket_oracle-characters/060_obs-char-000060_hust-obc-cat-0069_oracle-character/03_visual-assets/001_asset-000065_hust-obc-cat-0069_glyph.png,Pillow,pillow_luma_threshold_bbox_v1,140,27,59,0,0,23,56,24,57,443,0.27809165,195.4909,visual_preprocessing_metadata_only,"Algorithmic foreground candidate only; not glyph segmentation, component analysis, or paleographic interpretation.",needs_human_visual_review,2026-06-20
asset-visual-profile-000066,asset-000066,corpus/001_oracle-characters/001_000001-000100_obs-char-bucket_oracle-characters/061_obs-char-000061_hust-obc-cat-0070_0071_oracle-character/03_visual-assets/001_asset-000066_hust-obc-cat-0070_0071_glyph.png,Pillow,pillow_luma_threshold_bbox_v1,140,52,80,0,0,49,77,50,78,766,0.18413462,210.8120,visual_preprocessing_metadata_only,"Algorithmic foreground candidate only; not glyph segmentation, component analysis, or paleographic interpretation.",needs_human_visual_review,2026-06-20
asset-visual-profile-000067,asset-000067,corpus/001_oracle-characters/001_000001-000100_obs-char-bucket_oracle-characters/062_obs-char-000062_hust-obc-cat-0072_oracle-character/03_visual-assets/001_asset-000067_hust-obc-cat-0072_glyph.png,Pillow,pillow_luma_threshold_bbox_v1,140,33,80,0,0,30,77,31,78,654,0.24772727,195.8841,visual_preprocessing_metadata_only,"Algorithmic foreground candidate only; not glyph segmentation, component analysis, or paleographic interpretation.",needs_human_visual_review,2026-06-20
asset-visual-profile-000068,asset-000068,corpus/001_oracle-characters/001_000001-000100_obs-char-bucket_oracle-characters/063_obs-char-000063_hust-obc-cat-0073_oracle-character/03_visual-assets/001_asset-000068_hust-obc-cat-0073_glyph.png,Pillow,pillow_luma_threshold_bbox_v1,140,32,80,0,0,29,77,30,78,664,0.25937500,194.9500,visual_preprocessing_metadata_only,"Algorithmic foreground candidate only; not glyph segmentation, component analysis, or paleographic interpretation.",needs_human_visual_review,2026-06-20
asset-visual-profile-000069,asset-000069,corpus/001_oracle-characters/001_000001-000100_obs-char-bucket_oracle-characters/064_obs-char-000064_hust-obc-cat-0074_oracle-character/03_visual-assets/001_asset-000069_hust-obc-cat-0074_glyph.png,Pillow,pillow_luma_threshold_bbox_v1,140,146,196,0,0,143,193,144,194,11888,0.41543193,150.3329,visual_preprocessing_metadata_only,"Algorithmic foreground candidate only; not glyph segmentation, component analysis, or paleographic interpretation.",needs_human_visual_review,2026-06-20
asset-visual-profile-000070,asset-000070,corpus/001_oracle-characters/001_000001-000100_obs-char-bucket_oracle-characters/065_obs-char-000065_hust-obc-cat-0075_oracle-character/03_visual-assets/001_asset-000070_hust-obc-cat-0075_glyph.png,Pillow,pillow_luma_threshold_bbox_v1,140,30,55,0,0,26,52,27,53,427,0.25878788,196.6600,visual_preprocessing_metadata_only,"Algorithmic foreground candidate only; not glyph segmentation, component analysis, or paleographic interpretation.",needs_human_visual_review,2026-06-20
asset-visual-profile-000071,asset-000071,corpus/001_oracle-characters/001_000001-000100_obs-char-bucket_oracle-characters/066_obs-char-000066_hust-obc-cat-0076_oracle-character/03_visual-assets/001_asset-000071_hust-obc-cat-0076_glyph.png,Pillow,pillow_luma_threshold_bbox_v1,140,52,80,0,0,49,77,50,78,949,0.22812500,200.9738,visual_preprocessing_metadata_only,"Algorithmic foreground candidate only; not glyph segmentation, component analysis, or paleographic interpretation.",needs_human_visual_review,2026-06-20
asset-visual-profile-000072,asset-000072,corpus/001_oracle-characters/001_000001-000100_obs-char-bucket_oracle-characters/067_obs-char-000067_hust-obc-cat-0077_oracle-character/03_visual-assets/001_asset-000072_hust-obc-cat-0077_glyph.png,Pillow,pillow_luma_threshold_bbox_v1,140,192,303,0,0,189,300,190,301,22959,0.39464728,155.3164,visual_preprocessing_metadata_only,"Algorithmic foreground candidate only; not glyph segmentation, component analysis, or paleographic interpretation.",needs_human_visual_review,2026-06-20
asset-visual-profile-000073,asset-000073,corpus/001_oracle-characters/001_000001-000100_obs-char-bucket_oracle-characters/068_obs-char-000068_hust-obc-cat-0078_oracle-character/03_visual-assets/001_asset-000073_hust-obc-cat-0078_glyph.png,Pillow,pillow_luma_threshold_bbox_v1,140,37,51,0,0,34,48,35,49,444,0.23529412,201.0949,visual_preprocessing_metadata_only,"Algorithmic foreground candidate only; not glyph segmentation, component analysis, or paleographic interpretation.",needs_human_visual_review,2026-06-20
asset-visual-profile-000074,asset-000074,corpus/001_oracle-characters/001_000001-000100_obs-char-bucket_oracle-characters/069_obs-char-000069_hust-obc-cat-0079_oracle-character/03_visual-assets/001_asset-000074_hust-obc-cat-0079_glyph.png,Pillow,pillow_luma_threshold_bbox_v1,140,45,80,0,0,42,76,43,77,649,0.18027778,213.6961,visual_preprocessing_metadata_only,"Algorithmic foreground candidate only; not glyph segmentation, component analysis, or paleographic interpretation.",needs_human_visual_review,2026-06-20
asset-visual-profile-000075,asset-000075,corpus/001_oracle-characters/001_000001-000100_obs-char-bucket_oracle-characters/070_obs-char-000070_hust-obc-cat-0080_oracle-character/03_visual-assets/001_asset-000075_hust-obc-cat-0080_glyph.png,Pillow,pillow_luma_threshold_bbox_v1,140,80,70,0,0,77,67,78,68,852,0.15214286,218.6939,visual_preprocessing_metadata_only,"Algorithmic foreground candidate only; not glyph segmentation, component analysis, or paleographic interpretation.",needs_human_visual_review,2026-06-20
asset-visual-profile-000076,asset-000076,corpus/001_oracle-characters/001_000001-000100_obs-char-bucket_oracle-characters/071_obs-char-000071_hust-obc-cat-0081_oracle-character/03_visual-assets/001_asset-000076_hust-obc-cat-0081_glyph.png,Pillow,pillow_luma_threshold_bbox_v1,140,56,12,0,0,53,9,54,10,393,0.58482143,111.7753,visual_preprocessing_metadata_only,"Algorithmic foreground candidate only; not glyph segmentation, component analysis, or paleographic interpretation.",needs_human_visual_review,2026-06-20
asset-visual-profile-000077,asset-000077,corpus/001_oracle-characters/001_000001-000100_obs-char-bucket_oracle-characters/072_obs-char-000072_hust-obc-cat-0082_oracle-character/03_visual-assets/001_asset-000077_hust-obc-cat-0082_glyph.png,Pillow,pillow_luma_threshold_bbox_v1,140,80,64,0,0,77,61,78,62,2130,0.41601562,150.9559,visual_preprocessing_metadata_only,"Algorithmic foreground candidate only; not glyph segmentation, component analysis, or paleographic interpretation.",needs_human_visual_review,2026-06-20
asset-visual-profile-000078,asset-000078,corpus/001_oracle-characters/001_000001-000100_obs-char-bucket_oracle-characters/073_obs-char-000073_hust-obc-cat-0083_oracle-character/03_visual-assets/001_asset-000078_hust-obc-cat-0083_glyph.png,Pillow,pillow_luma_threshold_bbox_v1,140,60,80,0,0,57,77,58,78,528,0.11000000,228.4567,visual_preprocessing_metadata_only,"Algorithmic foreground candidate only; not glyph segmentation, component analysis, or paleographic interpretation.",needs_human_visual_review,2026-06-20
asset-visual-profile-000079,asset-000079,corpus/001_oracle-characters/001_000001-000100_obs-char-bucket_oracle-characters/074_obs-char-000074_hust-obc-cat-0084_oracle-character/03_visual-assets/001_asset-000079_hust-obc-cat-0084_glyph.png,Pillow,pillow_luma_threshold_bbox_v1,140,78,80,0,0,75,77,76,78,546,0.08750000,234.4580,visual_preprocessing_metadata_only,"Algorithmic foreground candidate only; not glyph segmentation, component analysis, or paleographic interpretation.",needs_human_visual_review,2026-06-20
asset-visual-profile-000080,asset-000080,corpus/001_oracle-characters/001_000001-000100_obs-char-bucket_oracle-characters/075_obs-char-000075_hust-obc-cat-0085_oracle-character/03_visual-assets/001_asset-000080_hust-obc-cat-0085_glyph.png,Pillow,pillow_luma_threshold_bbox_v1,140,26,80,0,0,23,77,24,78,558,0.26826923,189.1385,visual_preprocessing_metadata_only,"Algorithmic foreground candidate only; not glyph segmentation, component analysis, or paleographic interpretation.",needs_human_visual_review,2026-06-20
asset-visual-profile-000081,asset-000081,corpus/001_oracle-characters/001_000001-000100_obs-char-bucket_oracle-characters/076_obs-char-000076_hust-obc-cat-0086_oracle-character/03_visual-assets/001_asset-000081_hust-obc-cat-0086_glyph.png,Pillow,pillow_luma_threshold_bbox_v1,140,80,64,0,0,77,61,78,62,1133,0.22128906,201.7055,visual_preprocessing_metadata_only,"Algorithmic foreground candidate only; not glyph segmentation, component analysis, or paleographic interpretation.",needs_human_visual_review,2026-06-20
asset-visual-profile-000082,asset-000082,corpus/001_oracle-characters/001_000001-000100_obs-char-bucket_oracle-characters/077_obs-char-000077_hust-obc-cat-0087_oracle-character/03_visual-assets/001_asset-000082_hust-obc-cat-0087_glyph.png,Pillow,pillow_luma_threshold_bbox_v1,140,80,28,0,0,77,25,78,26,964,0.43035714,148.7406,visual_preprocessing_metadata_only,"Algorithmic foreground candidate only; not glyph segmentation, component analysis, or paleographic interpretation.",needs_human_visual_review,2026-06-20
asset-visual-profile-000083,asset-000083,corpus/001_oracle-characters/001_000001-000100_obs-char-bucket_oracle-characters/078_obs-char-000078_hust-obc-cat-0088_oracle-character/03_visual-assets/001_asset-000083_hust-obc-cat-0088_glyph.png,Pillow,pillow_luma_threshold_bbox_v1,140,80,30,0,0,77,27,78,28,821,0.34208333,170.3671,visual_preprocessing_metadata_only,"Algorithmic foreground candidate only; not glyph segmentation, component analysis, or paleographic interpretation.",needs_human_visual_review,2026-06-20
asset-visual-profile-000084,asset-000084,corpus/001_oracle-characters/001_000001-000100_obs-char-bucket_oracle-characters/079_obs-char-000079_hust-obc-cat-0089_oracle-character/03_visual-assets/001_asset-000084_hust-obc-cat-0089_glyph.png,Pillow,pillow_luma_threshold_bbox_v1,140,41,79,0,0,38,76,39,77,608,0.18771226,209.5918,visual_preprocessing_metadata_only,"Algorithmic foreground candidate only; not glyph segmentation, component analysis, or paleographic interpretation.",needs_human_visual_review,2026-06-20
asset-visual-profile-000085,asset-000085,corpus/001_oracle-characters/001_000001-000100_obs-char-bucket_oracle-characters/080_obs-char-000080_hust-obc-cat-0090_oracle-character/03_visual-assets/001_asset-000085_hust-obc-cat-0090_glyph.png,Pillow,pillow_luma_threshold_bbox_v1,140,102,293,0,0,98,290,99,291,5189,0.17362645,211.1692,visual_preprocessing_metadata_only,"Algorithmic foreground candidate only; not glyph segmentation, component analysis, or paleographic interpretation.",needs_human_visual_review,2026-06-20
asset-visual-profile-000086,asset-000086,corpus/001_oracle-characters/001_000001-000100_obs-char-bucket_oracle-characters/081_obs-char-000081_hust-obc-cat-0091_oracle-character/03_visual-assets/001_asset-000086_hust-obc-cat-0091_glyph.png,Pillow,pillow_luma_threshold_bbox_v1,140,36,79,0,0,33,76,34,77,1049,0.36884669,165.2535,visual_preprocessing_metadata_only,"Algorithmic foreground candidate only; not glyph segmentation, component analysis, or paleographic interpretation.",needs_human_visual_review,2026-06-20
asset-visual-profile-000087,asset-000087,corpus/001_oracle-characters/001_000001-000100_obs-char-bucket_oracle-characters/082_obs-char-000082_hust-obc-cat-0092_oracle-character/03_visual-assets/001_asset-000087_hust-obc-cat-0092_glyph.png,Pillow,pillow_luma_threshold_bbox_v1,140,80,61,0,0,77,58,78,59,1183,0.24241803,196.7840,visual_preprocessing_metadata_only,"Algorithmic foreground candidate only; not glyph segmentation, component analysis, or paleographic interpretation.",needs_human_visual_review,2026-06-20
asset-visual-profile-000088,asset-000088,corpus/001_oracle-characters/001_000001-000100_obs-char-bucket_oracle-characters/083_obs-char-000083_hust-obc-cat-0093_oracle-character/03_visual-assets/001_asset-000088_hust-obc-cat-0093_glyph.png,Pillow,pillow_luma_threshold_bbox_v1,140,72,80,0,0,69,77,70,78,2074,0.36006944,166.2970,visual_preprocessing_metadata_only,"Algorithmic foreground candidate only; not glyph segmentation, component analysis, or paleographic interpretation.",needs_human_visual_review,2026-06-20
asset-visual-profile-000089,asset-000089,corpus/001_oracle-characters/001_000001-000100_obs-char-bucket_oracle-characters/084_obs-char-000084_hust-obc-cat-0094_oracle-character/03_visual-assets/001_asset-000089_hust-obc-cat-0094_glyph.png,Pillow,pillow_luma_threshold_bbox_v1,140,44,80,0,0,41,77,42,78,828,0.23522727,198.6372,visual_preprocessing_metadata_only,"Algorithmic foreground candidate only; not glyph segmentation, component analysis, or paleographic interpretation.",needs_human_visual_review,2026-06-20
asset-visual-profile-000090,asset-000090,corpus/001_oracle-characters/001_000001-000100_obs-char-bucket_oracle-characters/085_obs-char-000085_hust-obc-cat-0095_oracle-character/03_visual-assets/001_asset-000090_hust-obc-cat-0095_glyph.png,Pillow,pillow_luma_threshold_bbox_v1,140,37,80,0,0,34,77,35,78,593,0.20033784,206.9284,visual_preprocessing_metadata_only,"Algorithmic foreground candidate only; not glyph segmentation, component analysis, or paleographic interpretation.",needs_human_visual_review,2026-06-20
asset-visual-profile-000091,asset-000091,corpus/001_oracle-characters/001_000001-000100_obs-char-bucket_oracle-characters/086_obs-char-000086_hust-obc-cat-0096_oracle-character/03_visual-assets/001_asset-000091_hust-obc-cat-0096_glyph.png,Pillow,pillow_luma_threshold_bbox_v1,140,38,80,0,0,35,77,36,78,621,0.20427632,206.5092,visual_preprocessing_metadata_only,"Algorithmic foreground candidate only; not glyph segmentation, component analysis, or paleographic interpretation.",needs_human_visual_review,2026-06-20
asset-visual-profile-000092,asset-000092,corpus/001_oracle-characters/001_000001-000100_obs-char-bucket_oracle-characters/087_obs-char-000087_hust-obc-cat-0097_oracle-character/03_visual-assets/001_asset-000092_hust-obc-cat-0097_glyph.png,Pillow,pillow_luma_threshold_bbox_v1,140,44,80,0,0,41,77,42,78,767,0.21789773,203.0622,visual_preprocessing_metadata_only,"Algorithmic foreground candidate only; not glyph segmentation, component analysis, or paleographic interpretation.",needs_human_visual_review,2026-06-20
asset-visual-profile-000093,asset-000093,corpus/001_oracle-characters/001_000001-000100_obs-char-bucket_oracle-characters/088_obs-char-000088_hust-obc-cat-0098_oracle-character/03_visual-assets/001_asset-000093_hust-obc-cat-0098_glyph.png,Pillow,pillow_luma_threshold_bbox_v1,140,153,266,0,0,150,263,151,264,7495,0.18416138,208.0388,visual_preprocessing_metadata_only,"Algorithmic foreground candidate only; not glyph segmentation, component analysis, or paleographic interpretation.",needs_human_visual_review,2026-06-20
asset-visual-profile-000094,asset-000094,corpus/001_oracle-characters/001_000001-000100_obs-char-bucket_oracle-characters/089_obs-char-000089_hust-obc-cat-0099_oracle-character/03_visual-assets/001_asset-000094_hust-obc-cat-0099_glyph.png,Pillow,pillow_luma_threshold_bbox_v1,140,54,80,0,0,51,77,52,78,900,0.20833333,203.9752,visual_preprocessing_metadata_only,"Algorithmic foreground candidate only; not glyph segmentation, component analysis, or paleographic interpretation.",needs_human_visual_review,2026-06-20
asset-visual-profile-000095,asset-000095,corpus/001_oracle-characters/001_000001-000100_obs-char-bucket_oracle-characters/090_obs-char-000090_hust-obc-cat-0100_oracle-character/03_visual-assets/001_asset-000095_hust-obc-cat-0100_glyph.png,Pillow,pillow_luma_threshold_bbox_v1,140,80,65,0,0,77,62,78,63,1359,0.26134615,190.9619,visual_preprocessing_metadata_only,"Algorithmic foreground candidate only; not glyph segmentation, component analysis, or paleographic interpretation.",needs_human_visual_review,2026-06-20
asset-visual-profile-000096,asset-000096,corpus/001_oracle-characters/001_000001-000100_obs-char-bucket_oracle-characters/091_obs-char-000091_hust-obc-cat-0101_oracle-character/03_visual-assets/001_asset-000096_hust-obc-cat-0101_glyph.png,Pillow,pillow_luma_threshold_bbox_v1,140,34,80,0,0,31,77,32,78,423,0.15551471,218.2305,visual_preprocessing_metadata_only,"Algorithmic foreground candidate only; not glyph segmentation, component analysis, or paleographic interpretation.",needs_human_visual_review,2026-06-20
asset-visual-profile-000097,asset-000097,corpus/001_oracle-characters/001_000001-000100_obs-char-bucket_oracle-characters/092_obs-char-000092_hust-obc-cat-0102_oracle-character/03_visual-assets/001_asset-000097_hust-obc-cat-0102_glyph.png,Pillow,pillow_luma_threshold_bbox_v1,140,56,80,0,0,53,77,54,78,854,0.19062500,209.0254,visual_preprocessing_metadata_only,"Algorithmic foreground candidate only; not glyph segmentation, component analysis, or paleographic interpretation.",needs_human_visual_review,2026-06-20
asset-visual-profile-000098,asset-000098,corpus/001_oracle-characters/001_000001-000100_obs-char-bucket_oracle-characters/093_obs-char-000093_hust-obc-cat-0103_oracle-character/03_visual-assets/001_asset-000098_hust-obc-cat-0103_glyph.png,Pillow,pillow_luma_threshold_bbox_v1,140,29,80,0,0,25,77,26,78,612,0.26379310,190.2806,visual_preprocessing_metadata_only,"Algorithmic foreground candidate only; not glyph segmentation, component analysis, or paleographic interpretation.",needs_human_visual_review,2026-06-20
asset-visual-profile-000099,asset-000099,corpus/001_oracle-characters/001_000001-000100_obs-char-bucket_oracle-characters/094_obs-char-000094_hust-obc-cat-0104_oracle-character/03_visual-assets/001_asset-000099_hust-obc-cat-0104_glyph.png,Pillow,pillow_luma_threshold_bbox_v1,140,48,80,0,0,45,77,46,78,589,0.15338542,217.4844,visual_preprocessing_metadata_only,"Algorithmic foreground candidate only; not glyph segmentation, component analysis, or paleographic interpretation.",needs_human_visual_review,2026-06-20
asset-visual-profile-000100,asset-000100,corpus/001_oracle-characters/001_000001-000100_obs-char-bucket_oracle-characters/095_obs-char-000095_hust-obc-cat-0105_oracle-character/03_visual-assets/001_asset-000100_hust-obc-cat-0105_glyph.png,Pillow,pillow_luma_threshold_bbox_v1,140,50,80,0,0,47,77,48,78,844,0.21100000,203.5368,visual_preprocessing_metadata_only,"Algorithmic foreground candidate only; not glyph segmentation, component analysis, or paleographic interpretation.",needs_human_visual_review,2026-06-20
asset-visual-profile-000101,asset-000101,corpus/001_oracle-characters/001_000001-000100_obs-char-bucket_oracle-characters/096_obs-char-000096_hust-obc-cat-0106_0107_oracle-character/03_visual-assets/001_asset-000101_hust-obc-cat-0106_0107_glyph.png,Pillow,pillow_luma_threshold_bbox_v1,140,33,80,0,0,30,77,31,78,489,0.18522727,211.3830,visual_preprocessing_metadata_only,"Algorithmic foreground candidate only; not glyph segmentation, component analysis, or paleographic interpretation.",needs_human_visual_review,2026-06-20
asset-visual-profile-000102,asset-000102,corpus/001_oracle-characters/001_000001-000100_obs-char-bucket_oracle-characters/097_obs-char-000097_hust-obc-cat-0108_oracle-character/03_visual-assets/001_asset-000102_hust-obc-cat-0108_glyph.png,Pillow,pillow_luma_threshold_bbox_v1,140,46,76,0,0,43,73,44,74,406,0.11613272,227.1462,visual_preprocessing_metadata_only,"Algorithmic foreground candidate only; not glyph segmentation, component analysis, or paleographic interpretation.",needs_human_visual_review,2026-06-20
asset-visual-profile-000103,asset-000103,corpus/001_oracle-characters/001_000001-000100_obs-char-bucket_oracle-characters/098_obs-char-000098_hust-obc-cat-0109_oracle-character/03_visual-assets/001_asset-000103_hust-obc-cat-0109_glyph.png,Pillow,pillow_luma_threshold_bbox_v1,140,22,80,1,0,18,75,18,76,278,0.15795455,218.7040,visual_preprocessing_metadata_only,"Algorithmic foreground candidate only; not glyph segmentation, component analysis, or paleographic interpretation.",needs_human_visual_review,2026-06-20
asset-visual-profile-000104,asset-000104,corpus/001_oracle-characters/001_000001-000100_obs-char-bucket_oracle-characters/099_obs-char-000099_hust-obc-cat-0110_oracle-character/03_visual-assets/001_asset-000104_hust-obc-cat-0110_glyph.png,Pillow,pillow_luma_threshold_bbox_v1,140,20,80,0,0,17,77,18,78,332,0.20750000,204.8125,visual_preprocessing_metadata_only,"Algorithmic foreground candidate only; not glyph segmentation, component analysis, or paleographic interpretation.",needs_human_visual_review,2026-06-20
asset-visual-profile-000105,asset-000105,corpus/001_oracle-characters/001_000001-000100_obs-char-bucket_oracle-characters/100_obs-char-000100_hust-obc-cat-0111_oracle-character/03_visual-assets/001_asset-000105_hust-obc-cat-0111_glyph.png,Pillow,pillow_luma_threshold_bbox_v1,140,80,52,0,0,77,49,78,50,869,0.20889423,204.3483,visual_preprocessing_metadata_only,"Algorithmic foreground candidate only; not glyph segmentation, component analysis, or paleographic interpretation.",needs_human_visual_review,2026-06-20
